id,usage,theme,state,base_token,derived_token,delta_l_min,delta_l_max,delta_c_min,delta_c_max,delta_h_max,contrast_foreground_token,contrast_background_token,contrast_threshold,check_type,source,target
filled_surface_light_hover,filled_surface,light,hover,theme.surface.interactive.primary.default,theme.surface.interactive.primary.hover,0.15,0.23,-0.005,0.005,1,sys.text.on_interactive,,4.5,relative-color,,
filled_surface_light_pressed,filled_surface,light,pressed,theme.surface.interactive.primary.default,theme.surface.interactive.primary.pressed,0.08,0.15,-0.005,0.005,1,sys.text.on_interactive,,4.5,relative-color,,
filled_surface_dark_hover,filled_surface,dark,hover,theme-dark.surface.interactive.primary.default,theme-dark.surface.interactive.primary.hover,-0.18,-0.1,-0.005,0.005,1,theme-dark.text.on_interactive,,4.5,relative-color,,
filled_surface_dark_pressed,filled_surface,dark,pressed,theme-dark.surface.interactive.primary.default,theme-dark.surface.interactive.primary.pressed,-0.12,-0.05,-0.005,0.005,1,theme-dark.text.on_interactive,,4.5,relative-color,,
filled_surface_sys_hover,filled_surface,system,hover,sys.surface.interactive.primary.default,sys.surface.interactive.primary.hover,0.15,0.23,-0.005,0.005,1,sys.text.on_interactive,,4.5,relative-color,,
filled_surface_sys_pressed,filled_surface,system,pressed,sys.surface.interactive.primary.default,sys.surface.interactive.primary.pressed,0.08,0.15,-0.005,0.005,1,sys.text.on_interactive,,4.5,relative-color,,
reference_accent_ramp-monotonicity,,,,,,,,,,,,,,ramp-monotonicity,packages/tokens/src/tokens/base/reference,ref.color.accent
reference_accent_chroma-curve,,,,,,,,,,,,,,chroma-curve,packages/tokens/src/tokens/base/reference,ref.color.accent
reference_neutral_ramp-monotonicity,,,,,,,,,,,,,,ramp-monotonicity,packages/tokens/src/tokens/base/reference,ref.color.neutral
reference_neutral_neutral-hue,,,,,,,,,,,,,,neutral-hue,packages/tokens/src/tokens/base/reference,ref.color.neutral
reference_info_ramp-monotonicity,,,,,,,,,,,,,,ramp-monotonicity,packages/tokens/src/tokens/base/reference,ref.color.info
reference_info_chroma-curve,,,,,,,,,,,,,,chroma-curve,packages/tokens/src/tokens/base/reference,ref.color.info
reference_success_ramp-monotonicity,,,,,,,,,,,,,,ramp-monotonicity,packages/tokens/src/tokens/base/reference,ref.color.success
reference_success_chroma-curve,,,,,,,,,,,,,,chroma-curve,packages/tokens/src/tokens/base/reference,ref.color.success
reference_critical_ramp-monotonicity,,,,,,,,,,,,,,ramp-monotonicity,packages/tokens/src/tokens/base/reference,ref.color.critical
reference_critical_chroma-curve,,,,,,,,,,,,,,chroma-curve,packages/tokens/src/tokens/base/reference,ref.color.critical
reference_archive_ramp-monotonicity,,,,,,,,,,,,,,ramp-monotonicity,packages/tokens/src/tokens/base/reference,ref.color.archive
reference_archive_chroma-curve,,,,,,,,,,,,,,chroma-curve,packages/tokens/src/tokens/base/reference,ref.color.archive
reference_gamut,,,,,,,,,,,,,,gamut,packages/tokens/src/tokens/base/reference,ref.color
A_base_surface.interactive.primary_hue,,,,,,,,,,,,,,family-hue,packages/tokens/src/tokens/brands/A/base.json,color.brand.A.surface.interactive.primary
A_base_status.neutral_hue,,,,,,,,,,,,,,family-hue,packages/tokens/src/tokens/brands/A/base.json,color.brand.A.status.neutral
A_base_gamut,,,,,,,,,,,,,,gamut,packages/tokens/src/tokens/brands/A/base.json,color.brand.A
A_dark_surface.interactive.primary_hue,,,,,,,,,,,,,,family-hue,packages/tokens/src/tokens/brands/A/dark.json,color.brand.A.surface.interactive.primary
A_dark_status.neutral_hue,,,,,,,,,,,,,,family-hue,packages/tokens/src/tokens/brands/A/dark.json,color.brand.A.status.neutral
A_dark_gamut,,,,,,,,,,,,,,gamut,packages/tokens/src/tokens/brands/A/dark.json,color.brand.A
A_dark_sequential,,,,,,,,,,,,,,dark-coverage,packages/tokens/src/tokens/brands/A/dark.json,viz.scale.sequential.01|viz.scale.sequential.02|viz.scale.sequential.03|viz.scale.sequential.04|viz.scale.sequential.05|viz.scale.sequential.06|viz.scale.sequential.07|viz.scale.sequential.08|viz.scale.sequential.09
A_dark_diverging,,,,,,,,,,,,,,dark-coverage,packages/tokens/src/tokens/brands/A/dark.json,viz.scale.diverging.neg-05|viz.scale.diverging.neg-04|viz.scale.diverging.neg-03|viz.scale.diverging.neg-02|viz.scale.diverging.neg-01|viz.scale.diverging.neutral|viz.scale.diverging.pos-01|viz.scale.diverging.pos-02|viz.scale.diverging.pos-03|viz.scale.diverging.pos-04|viz.scale.diverging.pos-05
B_base_status.neutral_hue,,,,,,,,,,,,,,family-hue,packages/tokens/src/tokens/brands/B/base.json,color.brand.B.status.neutral
B_base_gamut,,,,,,,,,,,,,,gamut,packages/tokens/src/tokens/brands/B/base.json,color.brand.B
B_dark_status.neutral_hue,,,,,,,,,,,,,,family-hue,packages/tokens/src/tokens/brands/B/dark.json,color.brand.B.status.neutral
B_dark_gamut,,,,,,,,,,,,,,gamut,packages/tokens/src/tokens/brands/B/dark.json,color.brand.B
B_dark_sequential,,,,,,,,,,,,,,dark-coverage,packages/tokens/src/tokens/brands/B/dark.json,viz.scale.sequential.01|viz.scale.sequential.02|viz.scale.sequential.03|viz.scale.sequential.04|viz.scale.sequential.05|viz.scale.sequential.06|viz.scale.sequential.07|viz.scale.sequential.08|viz.scale.sequential.09
B_dark_diverging,,,,,,,,,,,,,,dark-coverage,packages/tokens/src/tokens/brands/B/dark.json,viz.scale.diverging.neg-05|viz.scale.diverging.neg-04|viz.scale.diverging.neg-03|viz.scale.diverging.neg-02|viz.scale.diverging.neg-01|viz.scale.diverging.neutral|viz.scale.diverging.pos-01|viz.scale.diverging.pos-02|viz.scale.diverging.pos-03|viz.scale.diverging.pos-04|viz.scale.diverging.pos-05
